threshold,precision,recall,f1,flag_rate,true_negative,false_positive,false_negative,true_positive
0.05,0.6891,0.9227,0.789,0.104,2669,97,18,215
0.1,0.7003,0.9227,0.7963,0.1024,2674,92,18,215
0.15,0.7096,0.9227,0.8022,0.101,2678,88,18,215
0.2,0.7096,0.9227,0.8022,0.101,2678,88,18,215
0.25,0.7096,0.9227,0.8022,0.101,2678,88,18,215
0.3,0.7096,0.9227,0.8022,0.101,2678,88,18,215
0.35,0.7096,0.9227,0.8022,0.101,2678,88,18,215
0.4,0.7096,0.9227,0.8022,0.101,2678,88,18,215
0.45,0.7096,0.9227,0.8022,0.101,2678,88,18,215
0.5,0.7096,0.9227,0.8022,0.101,2678,88,18,215
0.55,0.7096,0.9227,0.8022,0.101,2678,88,18,215
0.6,0.7061,0.897,0.7902,0.0987,2679,87,24,209
0.65,0.6958,0.8541,0.7669,0.0954,2679,87,34,199
0.7,0.7287,0.7725,0.75,0.0824,2699,67,53,180
0.75,0.7778,0.2103,0.3311,0.021,2752,14,184,49
0.8,0.6667,0.0258,0.0496,0.003,2763,3,227,6
0.85,0.0,0.0,0.0,0.0,2766,0,233,0
0.9,0.0,0.0,0.0,0.0,2766,0,233,0
0.95,0.0,0.0,0.0,0.0,2766,0,233,0
