item_id,title,genres,description,year,language
M00001,Infinite Garden 1,Adventure|Comedy|Crime,A adventure story about technology and family set in London.,1999,Igbo
M00002,Golden River 2,Comedy,A comedy story about discovery and technology set in a floating city.,1999,English
M00003,Northern Orbit 3,Adventure,A adventure story about technology and trust set in a floating city.,2012,Igbo
M00004,Golden Echo 4,Crime|Sci-Fi,A crime story about belonging and ambition set in Accra.,1999,English
M00005,Hidden Orbit 5,Comedy|Thriller,A comedy story about friendship and friendship set in Tokyo.,2008,Igbo
M00006,Broken River 6,Animation|Sci-Fi,A animation story about friendship and technology set in Tokyo.,2008,English
M00007,Broken Protocol 7,Romance|Documentary|Adventure,A romance story about power and belonging set in London.,1999,Igbo
M00008,Midnight Echo 8,Romance|Sci-Fi,A romance story about technology and family set in Tokyo.,2013,Yoruba
M00009,Last Frontier 9,Action,A action story about discovery and identity set in a floating city.,2020,Yoruba
M00010,Hidden Protocol 10,Adventure|Sci-Fi|Documentary,A adventure story about family and trust set in Lagos.,1995,English
M00011,Northern Promise 11,Adventure|Action,A adventure story about identity and technology set in Tokyo.,2002,English
M00012,Midnight Code 12,Action|Thriller|Animation,A action story about survival and trust set in New York.,2011,French
M00013,Broken Signal 13,Animation|Sci-Fi,A animation story about power and survival set in Mars.,2018,English
M00014,Electric Signal 14,Romance|Comedy|Animation,A romance story about power and power set in Mars.,2008,English
M00015,Wild Signal 15,Adventure|Drama|Thriller,A adventure story about family and belonging set in Accra.,2022,Yoruba
M00016,Midnight Garden 16,Comedy|Documentary,A comedy story about power and family set in New York.,2001,Yoruba
M00017,Hidden Orbit 17,Sci-Fi|Thriller|Animation,A sci-fi story about survival and friendship set in Accra.,2012,Yoruba
M00018,Wild Frontier 18,Romance|Sci-Fi|Thriller,A romance story about belonging and family set in Mars.,1998,Igbo
M00019,Northern River 19,Animation,A animation story about family and power set in Accra.,2026,English
M00020,Midnight Journey 20,Adventure|Animation|Sci-Fi,A adventure story about identity and power set in Accra.,2022,Yoruba
M00021,Hidden Echo 21,Thriller|Comedy,A thriller story about family and ambition set in Nairobi.,2004,French
M00022,Infinite Signal 22,Drama|Thriller,A drama story about identity and identity set in New York.,2020,Igbo
M00023,Wild Promise 23,Thriller|Action,A thriller story about friendship and friendship set in Accra.,2012,English
M00024,Northern Code 24,Documentary|Action,A documentary story about trust and belonging set in a floating city.,2013,Igbo
M00025,Broken Promise 25,Romance|Crime,A romance story about ambition and identity set in Mars.,2008,Yoruba
M00026,Electric Signal 26,Drama|Action,A drama story about technology and belonging set in London.,2004,Igbo
M00027,Infinite Code 27,Thriller,A thriller story about ambition and discovery set in Lagos.,2020,Igbo
M00028,Wild Promise 28,Romance|Adventure,A romance story about friendship and identity set in Accra.,2019,English
M00029,Silent Signal 29,Action|Crime|Romance,A action story about survival and trust set in Lagos.,2001,English
M00030,Golden Protocol 30,Crime|Animation,A crime story about technology and trust set in Lagos.,1996,English
M00031,Golden Code 31,Romance|Thriller|Action,A romance story about survival and discovery set in Tokyo.,2009,Yoruba
M00032,Midnight Code 32,Sci-Fi|Crime|Adventure,A sci-fi story about friendship and ambition set in New York.,2013,English
M00033,Midnight Code 33,Documentary|Romance|Drama,A documentary story about identity and family set in Nairobi.,1999,Igbo
M00034,Silent Code 34,Drama,A drama story about power and power set in Lagos.,2000,Igbo
M00035,Silent Echo 35,Crime,A crime story about friendship and technology set in Tokyo.,1995,Igbo
M00036,Electric Protocol 36,Comedy|Crime,A comedy story about discovery and belonging set in Nairobi.,2006,Yoruba
M00037,Silent Protocol 37,Sci-Fi,A sci-fi story about friendship and friendship set in a floating city.,2005,French
M00038,Electric Protocol 38,Adventure|Crime|Romance,A adventure story about discovery and survival set in New York.,2012,English
M00039,Golden Promise 39,Romance|Adventure,A romance story about discovery and friendship set in Lagos.,2003,Yoruba
M00040,Silent Echo 40,Adventure|Documentary,A adventure story about belonging and trust set in Accra.,2017,English
M00041,Golden Echo 41,Comedy|Drama,A comedy story about discovery and ambition set in Accra.,2012,Igbo
M00042,Northern River 42,Romance|Sci-Fi,A romance story about power and trust set in Lagos.,2003,French
M00043,Wild Code 43,Thriller|Drama|Adventure,A thriller story about trust and family set in Accra.,2007,English
M00044,Midnight Promise 44,Documentary|Crime,A documentary story about friendship and identity set in a floating city.,2005,French
M00045,Last Promise 45,Action|Drama,A action story about discovery and ambition set in Nairobi.,2020,English
M00046,Broken River 46,Romance|Action,A romance story about identity and family set in Accra.,2023,French
M00047,Infinite Protocol 47,Animation|Comedy,A animation story about friendship and family set in Tokyo.,2023,Yoruba
M00048,Broken Signal 48,Adventure|Crime,A adventure story about survival and identity set in Tokyo.,2010,Igbo
M00049,Golden Frontier 49,Documentary|Romance,A documentary story about belonging and trust set in Accra.,2025,Igbo
M00050,Golden Code 50,Drama,A drama story about trust and discovery set in London.,1996,French
M00051,Infinite Garden 51,Sci-Fi,A sci-fi story about discovery and family set in Accra.,2022,Igbo
M00052,Northern Promise 52,Action|Comedy|Thriller,A action story about survival and identity set in Accra.,1996,Igbo
M00053,Broken Echo 53,Adventure|Comedy|Documentary,A adventure story about power and belonging set in Mars.,2022,English
M00054,Wild Protocol 54,Animation|Adventure|Documentary,A animation story about identity and technology set in Accra.,2013,Yoruba
M00055,Electric Promise 55,Documentary|Animation|Comedy,A documentary story about belonging and technology set in Tokyo.,2012,Yoruba
M00056,Last Echo 56,Thriller|Animation,A thriller story about ambition and belonging set in Mars.,2012,English
M00057,Golden Echo 57,Adventure|Comedy|Crime,A adventure story about discovery and family set in New York.,1998,Yoruba
M00058,Northern Garden 58,Action,A action story about discovery and power set in Accra.,2003,French
M00059,Golden Frontier 59,Action|Comedy,A action story about ambition and ambition set in Nairobi.,2009,Igbo
M00060,Hidden Code 60,Action|Animation|Sci-Fi,A action story about family and friendship set in a floating city.,2022,English
M00061,Last Echo 61,Sci-Fi,A sci-fi story about technology and technology set in Lagos.,2016,English
M00062,Golden Signal 62,Thriller|Romance|Adventure,A thriller story about identity and technology set in Tokyo.,1998,Yoruba
M00063,Broken Code 63,Documentary|Animation,A documentary story about ambition and belonging set in Tokyo.,1995,English
M00064,Northern Orbit 64,Crime,A crime story about ambition and discovery set in Mars.,1997,English
M00065,Hidden Frontier 65,Romance,A romance story about survival and discovery set in Tokyo.,2021,English
M00066,Silent Signal 66,Adventure|Romance,A adventure story about survival and trust set in Nairobi.,2001,Igbo
M00067,Broken Protocol 67,Adventure,A adventure story about ambition and power set in Tokyo.,1997,Igbo
M00068,Wild River 68,Drama|Action|Sci-Fi,A drama story about family and discovery set in Lagos.,2006,Yoruba
M00069,Midnight Echo 69,Crime|Animation,A crime story about technology and technology set in Lagos.,2015,English
M00070,Last Frontier 70,Animation,A animation story about identity and technology set in London.,1995,French
M00071,Midnight Protocol 71,Documentary|Drama|Comedy,A documentary story about survival and survival set in Nairobi.,1997,Yoruba
M00072,Last River 72,Thriller|Animation,A thriller story about ambition and family set in Lagos.,2018,French
M00073,Infinite Garden 73,Romance|Adventure|Animation,A romance story about belonging and trust set in Nairobi.,2022,Igbo
M00074,Broken Garden 74,Drama|Documentary,A drama story about belonging and discovery set in a floating city.,2009,Igbo
M00075,Hidden Code 75,Sci-Fi|Comedy,A sci-fi story about belonging and trust set in London.,2002,English
M00076,Midnight Orbit 76,Drama|Action,A drama story about friendship and identity set in a floating city.,2024,Igbo
M00077,Broken Frontier 77,Adventure|Documentary,A adventure story about trust and technology set in New York.,1997,English
M00078,Wild River 78,Crime,A crime story about technology and ambition set in Accra.,2011,English
M00079,Silent Orbit 79,Drama|Romance|Thriller,A drama story about family and power set in Lagos.,2019,French
M00080,Electric Protocol 80,Crime|Drama,A crime story about ambition and power set in Lagos.,2008,English
M00081,Hidden Promise 81,Animation,A animation story about discovery and identity set in New York.,1997,Igbo
M00082,Silent Code 82,Action|Comedy,A action story about friendship and belonging set in Lagos.,2010,Igbo
M00083,Last Orbit 83,Romance,A romance story about belonging and trust set in a floating city.,2016,French
M00084,Golden River 84,Adventure|Romance|Action,A adventure story about power and identity set in New York.,2002,English
M00085,Silent Garden 85,Documentary,A documentary story about technology and survival set in London.,2013,Yoruba
M00086,Infinite Signal 86,Comedy|Romance,A comedy story about family and belonging set in Mars.,2017,Yoruba
M00087,Golden Journey 87,Drama|Sci-Fi|Documentary,A drama story about trust and ambition set in a floating city.,2016,English
M00088,Hidden Signal 88,Crime,A crime story about ambition and technology set in Nairobi.,1997,English
M00089,Wild Garden 89,Romance,A romance story about friendship and discovery set in Tokyo.,2001,English
M00090,Midnight Echo 90,Thriller|Drama,A thriller story about ambition and technology set in London.,2015,Yoruba
M00091,Broken River 91,Drama,A drama story about identity and friendship set in a floating city.,2025,English
M00092,Midnight Echo 92,Comedy,A comedy story about identity and power set in a floating city.,2009,English
M00093,Golden River 93,Animation|Thriller,A animation story about technology and technology set in New York.,2026,English
M00094,Broken Echo 94,Comedy|Animation|Romance,A comedy story about friendship and survival set in a floating city.,2010,English
M00095,Infinite River 95,Animation|Crime,A animation story about technology and family set in London.,2006,Igbo
M00096,Northern Protocol 96,Drama,A drama story about technology and technology set in Mars.,2025,English
M00097,Golden Orbit 97,Drama|Thriller|Romance,A drama story about survival and belonging set in Mars.,2021,Yoruba
M00098,Last Signal 98,Action|Documentary|Crime,A action story about family and trust set in Lagos.,2005,French
M00099,Midnight Code 99,Action|Thriller,A action story about technology and trust set in New York.,2015,Igbo
M00100,Midnight River 100,Action,A action story about trust and discovery set in a floating city.,2020,Igbo
M00101,Golden Protocol 101,Thriller|Comedy|Drama,A thriller story about ambition and discovery set in a floating city.,2022,Yoruba
M00102,Electric Echo 102,Comedy|Drama,A comedy story about discovery and friendship set in Mars.,2025,English
M00103,Hidden Garden 103,Comedy|Romance,A comedy story about technology and belonging set in Mars.,1998,Yoruba
M00104,Last Frontier 104,Sci-Fi|Romance|Drama,A sci-fi story about power and ambition set in Lagos.,2000,Igbo
M00105,Broken Garden 105,Action|Thriller|Documentary,A action story about survival and belonging set in Mars.,2018,Igbo
M00106,Infinite Garden 106,Romance|Crime|Action,A romance story about technology and belonging set in Nairobi.,2017,English
M00107,Last Protocol 107,Crime|Thriller|Comedy,A crime story about trust and friendship set in New York.,2000,Yoruba
M00108,Wild Garden 108,Adventure|Action,A adventure story about belonging and power set in Lagos.,2024,English
M00109,Silent Frontier 109,Thriller|Action|Sci-Fi,A thriller story about technology and identity set in Lagos.,2008,Igbo
M00110,Broken Signal 110,Drama|Thriller,A drama story about survival and technology set in Nairobi.,2006,English
M00111,Broken Orbit 111,Documentary|Drama,A documentary story about family and discovery set in Nairobi.,2021,Igbo
M00112,Last Garden 112,Action|Documentary,A action story about family and survival set in London.,2015,English
M00113,Electric Echo 113,Comedy|Action,A comedy story about ambition and power set in Accra.,2008,English
M00114,Northern River 114,Action|Documentary,A action story about belonging and ambition set in Tokyo.,1997,English
M00115,Last Code 115,Documentary|Thriller,A documentary story about survival and belonging set in New York.,2001,English
M00116,Wild Promise 116,Animation|Sci-Fi,A animation story about ambition and identity set in New York.,2024,French
M00117,Silent Signal 117,Sci-Fi|Animation,A sci-fi story about belonging and technology set in Nairobi.,2013,Yoruba
M00118,Electric Signal 118,Drama|Sci-Fi,A drama story about survival and identity set in Mars.,2002,French
M00119,Hidden Promise 119,Action|Drama,A action story about identity and trust set in Mars.,2008,Yoruba
M00120,Hidden River 120,Romance|Sci-Fi|Adventure,A romance story about power and technology set in New York.,2013,Igbo
M00121,Broken Journey 121,Crime,A crime story about survival and family set in Mars.,1997,English
M00122,Northern Echo 122,Sci-Fi,A sci-fi story about technology and technology set in London.,2018,French
M00123,Hidden Echo 123,Romance|Action|Adventure,A romance story about discovery and identity set in Lagos.,2002,Igbo
M00124,Midnight Signal 124,Thriller|Action,A thriller story about ambition and survival set in London.,2021,Igbo
M00125,Midnight Orbit 125,Action,A action story about friendship and power set in Tokyo.,2001,French
M00126,Midnight Journey 126,Animation|Comedy,A animation story about power and family set in Lagos.,2020,French
M00127,Hidden Signal 127,Documentary|Adventure,A documentary story about ambition and power set in Accra.,2003,English
M00128,Northern Echo 128,Adventure|Comedy,A adventure story about identity and ambition set in Nairobi.,2026,English
M00129,Wild Echo 129,Documentary|Action,A documentary story about belonging and discovery set in London.,2026,Igbo
M00130,Last Code 130,Drama,A drama story about ambition and technology set in a floating city.,2006,English
M00131,Silent Code 131,Thriller|Documentary|Romance,A thriller story about survival and ambition set in Nairobi.,2007,English
M00132,Silent Frontier 132,Animation,A animation story about power and discovery set in a floating city.,2020,Yoruba
M00133,Last Code 133,Sci-Fi,A sci-fi story about discovery and family set in Tokyo.,1997,English
M00134,Electric Orbit 134,Crime|Thriller|Animation,A crime story about power and power set in Nairobi.,2023,French
M00135,Wild Frontier 135,Sci-Fi|Animation,A sci-fi story about trust and technology set in New York.,2007,Igbo
M00136,Midnight Frontier 136,Drama|Sci-Fi|Crime,A drama story about trust and survival set in Lagos.,2000,English
M00137,Hidden Promise 137,Thriller|Drama,A thriller story about survival and technology set in Tokyo.,2010,English
M00138,Infinite Code 138,Documentary|Action,A documentary story about survival and belonging set in Nairobi.,2003,Yoruba
M00139,Silent Frontier 139,Action|Animation|Documentary,A action story about family and ambition set in Mars.,2004,English
M00140,Midnight Code 140,Drama,A drama story about friendship and identity set in Nairobi.,2024,French
M00141,Northern Protocol 141,Crime|Adventure,A crime story about survival and identity set in Tokyo.,2019,French
M00142,Hidden Orbit 142,Animation|Documentary,A animation story about family and family set in New York.,2016,Igbo
M00143,Wild Promise 143,Drama,A drama story about belonging and trust set in Accra.,2019,English
M00144,Hidden Frontier 144,Romance|Sci-Fi|Documentary,A romance story about belonging and technology set in Nairobi.,2002,English
M00145,Electric Protocol 145,Sci-Fi|Documentary,A sci-fi story about family and friendship set in a floating city.,2009,English
M00146,Electric Journey 146,Romance|Crime,A romance story about technology and technology set in Accra.,2016,English
M00147,Silent River 147,Action,A action story about technology and technology set in London.,2015,English
M00148,Broken Journey 148,Drama|Romance|Crime,A drama story about identity and ambition set in Mars.,2009,Yoruba
M00149,Golden Signal 149,Romance,A romance story about family and identity set in New York.,2004,Yoruba
M00150,Infinite Orbit 150,Romance|Sci-Fi,A romance story about survival and technology set in Nairobi.,2019,English
M00151,Last Journey 151,Crime,A crime story about ambition and identity set in Mars.,2011,English
M00152,Infinite Protocol 152,Adventure,A adventure story about trust and family set in Tokyo.,2012,Yoruba
M00153,Hidden Echo 153,Adventure,A adventure story about discovery and trust set in Nairobi.,2019,English
M00154,Infinite Promise 154,Adventure|Documentary,A adventure story about identity and trust set in New York.,2017,Igbo
M00155,Midnight Echo 155,Action|Comedy,A action story about friendship and survival set in Lagos.,2017,English
M00156,Wild Garden 156,Drama,A drama story about identity and belonging set in Tokyo.,2022,English
M00157,Hidden Protocol 157,Drama|Comedy|Documentary,A drama story about technology and technology set in London.,2025,Igbo
M00158,Silent Signal 158,Animation|Action,A animation story about ambition and identity set in London.,1998,English
M00159,Midnight Orbit 159,Action|Comedy,A action story about survival and trust set in Tokyo.,1997,Igbo
M00160,Northern Protocol 160,Adventure|Comedy,A adventure story about ambition and survival set in a floating city.,2003,Yoruba
M00161,Midnight Signal 161,Comedy|Crime|Drama,A comedy story about survival and friendship set in Tokyo.,2016,French
M00162,Electric Garden 162,Comedy|Drama|Sci-Fi,A comedy story about belonging and belonging set in Nairobi.,2012,English
M00163,Wild Protocol 163,Animation|Action|Adventure,A animation story about discovery and family set in London.,2026,English
M00164,Northern Echo 164,Romance|Adventure,A romance story about technology and power set in Tokyo.,2004,Yoruba
M00165,Infinite Orbit 165,Action,A action story about belonging and power set in Nairobi.,2011,English
M00166,Golden Orbit 166,Animation|Action|Comedy,A animation story about discovery and belonging set in Nairobi.,2023,English
M00167,Last Garden 167,Thriller,A thriller story about family and belonging set in Lagos.,2008,English
M00168,Silent Journey 168,Sci-Fi|Comedy|Drama,A sci-fi story about friendship and family set in New York.,2023,French
M00169,Infinite Code 169,Animation|Crime|Sci-Fi,A animation story about discovery and identity set in New York.,2021,Yoruba
M00170,Infinite Orbit 170,Animation|Documentary,A animation story about belonging and friendship set in Mars.,1997,English
M00171,Hidden River 171,Romance|Adventure,A romance story about friendship and ambition set in London.,2020,Yoruba
M00172,Wild Code 172,Crime|Sci-Fi|Comedy,A crime story about ambition and trust set in Nairobi.,2025,Igbo
M00173,Midnight River 173,Action,A action story about trust and friendship set in London.,2004,Igbo
M00174,Wild Code 174,Romance|Thriller,A romance story about discovery and identity set in New York.,2007,Igbo
M00175,Last Protocol 175,Adventure|Animation,A adventure story about power and power set in London.,2020,French
M00176,Silent Code 176,Action,A action story about discovery and friendship set in Tokyo.,2007,French
M00177,Broken Signal 177,Crime|Animation|Sci-Fi,A crime story about trust and identity set in New York.,1999,Igbo
M00178,Silent River 178,Comedy,A comedy story about discovery and trust set in a floating city.,2025,Yoruba
M00179,Northern Promise 179,Documentary,A documentary story about trust and discovery set in Accra.,1995,English
M00180,Silent Signal 180,Thriller,A thriller story about ambition and friendship set in Mars.,2015,English
M00181,Last Frontier 181,Drama|Sci-Fi|Crime,A drama story about family and friendship set in Lagos.,2006,Igbo
M00182,Hidden Protocol 182,Drama|Animation,A drama story about friendship and ambition set in Tokyo.,2008,French
M00183,Midnight Garden 183,Animation,A animation story about technology and belonging set in Mars.,1995,English
M00184,Golden Journey 184,Romance|Action,A romance story about technology and discovery set in New York.,2011,Igbo
M00185,Midnight Orbit 185,Crime,A crime story about technology and belonging set in Tokyo.,2024,English
M00186,Wild Orbit 186,Adventure|Documentary,A adventure story about friendship and belonging set in Mars.,2021,French
M00187,Midnight Journey 187,Documentary|Thriller|Crime,A documentary story about identity and family set in Nairobi.,2016,Igbo
M00188,Broken Orbit 188,Action|Romance,A action story about discovery and identity set in Mars.,1999,English
M00189,Silent Frontier 189,Crime,A crime story about family and friendship set in New York.,2010,Yoruba
M00190,Golden Signal 190,Adventure|Crime,A adventure story about belonging and survival set in a floating city.,1995,French
M00191,Hidden Protocol 191,Animation|Crime,A animation story about survival and discovery set in Accra.,2003,Igbo
M00192,Midnight Code 192,Crime,A crime story about survival and friendship set in Lagos.,2015,Igbo
M00193,Midnight Echo 193,Crime|Thriller|Animation,A crime story about technology and belonging set in Accra.,2026,French
M00194,Midnight Protocol 194,Adventure|Crime,A adventure story about technology and trust set in New York.,2000,Igbo
M00195,Infinite Journey 195,Thriller|Animation,A thriller story about trust and power set in Lagos.,2001,English
M00196,Northern River 196,Romance|Crime|Sci-Fi,A romance story about identity and discovery set in Mars.,2025,Igbo
M00197,Broken Code 197,Documentary|Adventure|Crime,A documentary story about identity and survival set in Accra.,2016,English
M00198,Last Code 198,Crime|Thriller,A crime story about discovery and belonging set in Nairobi.,2001,English
M00199,Northern Protocol 199,Drama|Action,A drama story about identity and family set in London.,2009,Igbo
M00200,Wild Protocol 200,Crime|Drama|Action,A crime story about friendship and family set in Lagos.,2015,Yoruba
M00201,Electric Orbit 201,Drama|Crime|Animation,A drama story about technology and ambition set in Accra.,1996,English
M00202,Broken Promise 202,Thriller|Drama|Animation,A thriller story about power and friendship set in London.,2002,Yoruba
M00203,Infinite Journey 203,Animation|Adventure|Action,A animation story about family and technology set in Tokyo.,1998,Igbo
M00204,Infinite Code 204,Crime,A crime story about family and technology set in Mars.,2010,English
M00205,Infinite River 205,Comedy|Crime,A comedy story about discovery and family set in a floating city.,2022,Yoruba
M00206,Silent Orbit 206,Comedy|Thriller,A comedy story about survival and power set in Tokyo.,2021,Igbo
M00207,Wild Code 207,Documentary,A documentary story about identity and family set in Nairobi.,2009,English
M00208,Golden Journey 208,Sci-Fi,A sci-fi story about technology and discovery set in London.,2000,French
M00209,Silent Frontier 209,Comedy|Animation,A comedy story about family and family set in Tokyo.,2004,Igbo
M00210,Hidden Protocol 210,Crime,A crime story about discovery and ambition set in Mars.,2013,Igbo
M00211,Electric Protocol 211,Action,A action story about friendship and trust set in London.,2003,English
M00212,Golden Garden 212,Documentary|Sci-Fi|Adventure,A documentary story about discovery and ambition set in New York.,2000,Igbo
M00213,Last River 213,Documentary|Adventure,A documentary story about power and discovery set in Accra.,2006,French
M00214,Wild Protocol 214,Comedy|Crime,A comedy story about family and technology set in New York.,2022,English
M00215,Silent Echo 215,Drama,A drama story about ambition and family set in Lagos.,2002,English
M00216,Electric River 216,Comedy,A comedy story about survival and ambition set in Accra.,2019,Igbo
M00217,Midnight Code 217,Comedy|Action,A comedy story about discovery and identity set in New York.,2009,Yoruba
M00218,Wild Signal 218,Romance|Adventure|Documentary,A romance story about trust and identity set in Nairobi.,2000,English
M00219,Midnight Echo 219,Sci-Fi|Documentary,A sci-fi story about technology and belonging set in New York.,2022,French
M00220,Northern Signal 220,Drama|Animation,A drama story about technology and technology set in Nairobi.,1999,English
M00221,Northern Promise 221,Documentary|Adventure,A documentary story about power and identity set in Lagos.,1997,English
M00222,Electric Garden 222,Crime|Adventure|Thriller,A crime story about survival and discovery set in Tokyo.,2016,English
M00223,Electric Protocol 223,Adventure,A adventure story about trust and discovery set in London.,1995,English
M00224,Golden Code 224,Documentary|Thriller,A documentary story about power and power set in Lagos.,2021,English
M00225,Northern Garden 225,Thriller|Action,A thriller story about technology and survival set in London.,2014,English
M00226,Electric Signal 226,Crime|Thriller,A crime story about discovery and belonging set in a floating city.,2004,French
M00227,Midnight Echo 227,Documentary,A documentary story about family and survival set in Nairobi.,2020,Yoruba
M00228,Midnight Protocol 228,Thriller|Animation|Drama,A thriller story about belonging and friendship set in Tokyo.,2013,French
M00229,Golden Frontier 229,Animation,A animation story about family and identity set in Tokyo.,2009,French
M00230,Wild Frontier 230,Animation|Adventure,A animation story about family and technology set in Lagos.,2025,Igbo
M00231,Last Echo 231,Comedy|Thriller,A comedy story about identity and survival set in Tokyo.,2009,Igbo
M00232,Electric Journey 232,Thriller|Adventure|Documentary,A thriller story about discovery and family set in Tokyo.,2007,English
M00233,Electric Echo 233,Animation|Thriller|Action,A animation story about belonging and identity set in a floating city.,2007,Yoruba
M00234,Wild River 234,Comedy|Sci-Fi,A comedy story about ambition and friendship set in Accra.,2011,English
M00235,Electric Code 235,Crime|Thriller,A crime story about family and friendship set in Lagos.,2022,Yoruba
M00236,Electric Orbit 236,Crime|Adventure,A crime story about belonging and friendship set in Nairobi.,2020,English
M00237,Golden Protocol 237,Romance|Drama,A romance story about trust and power set in Lagos.,2017,French
M00238,Broken Orbit 238,Romance|Thriller,A romance story about technology and ambition set in Accra.,2019,Igbo
M00239,Infinite Protocol 239,Documentary|Drama,A documentary story about power and discovery set in a floating city.,2011,English
M00240,Infinite Garden 240,Drama|Animation|Thriller,A drama story about technology and survival set in a floating city.,2022,Igbo
M00241,Midnight River 241,Adventure,A adventure story about survival and friendship set in Mars.,1996,Igbo
M00242,Northern Code 242,Sci-Fi,A sci-fi story about family and trust set in Tokyo.,2001,English
M00243,Wild Journey 243,Documentary|Crime,A documentary story about discovery and ambition set in a floating city.,1998,Yoruba
M00244,Electric Protocol 244,Animation,A animation story about technology and survival set in Lagos.,2010,English
M00245,Infinite River 245,Documentary|Crime,A documentary story about discovery and friendship set in Nairobi.,2001,English
M00246,Last Protocol 246,Documentary,A documentary story about belonging and belonging set in London.,2026,Yoruba
M00247,Wild River 247,Animation|Comedy|Action,A animation story about survival and power set in a floating city.,2010,French
M00248,Silent Orbit 248,Thriller,A thriller story about identity and family set in Mars.,2011,English
M00249,Wild Protocol 249,Drama|Adventure|Animation,A drama story about friendship and ambition set in a floating city.,2009,Igbo
M00250,Electric River 250,Crime|Drama,A crime story about discovery and belonging set in New York.,1998,French
M00251,Broken Garden 251,Adventure|Thriller,A adventure story about belonging and belonging set in New York.,2009,French
M00252,Last Journey 252,Thriller|Romance,A thriller story about identity and identity set in New York.,2003,English
M00253,Wild River 253,Documentary|Romance,A documentary story about friendship and technology set in New York.,2009,French
M00254,Silent Promise 254,Animation|Thriller|Adventure,A animation story about family and family set in Accra.,2003,French
M00255,Infinite Journey 255,Thriller|Action,A thriller story about identity and friendship set in Accra.,2017,Yoruba
M00256,Broken Garden 256,Drama,A drama story about technology and identity set in London.,2019,Igbo
M00257,Golden Protocol 257,Comedy|Action,A comedy story about identity and belonging set in Accra.,2026,Igbo
M00258,Hidden Echo 258,Comedy|Crime,A comedy story about family and survival set in New York.,2014,French
M00259,Last Frontier 259,Sci-Fi,A sci-fi story about belonging and family set in a floating city.,2011,Yoruba
M00260,Silent Protocol 260,Comedy|Drama|Thriller,A comedy story about technology and technology set in Mars.,2024,Igbo
M00261,Silent Journey 261,Thriller|Action,A thriller story about survival and friendship set in Tokyo.,1999,English
M00262,Northern Protocol 262,Adventure|Action,A adventure story about survival and technology set in New York.,2010,English
M00263,Broken Garden 263,Adventure|Romance,A adventure story about identity and friendship set in Mars.,2014,English
M00264,Northern Orbit 264,Adventure|Thriller|Animation,A adventure story about survival and power set in New York.,2000,French
M00265,Infinite Code 265,Romance,A romance story about power and identity set in Tokyo.,2021,English
M00266,Silent Signal 266,Drama|Thriller|Adventure,A drama story about discovery and power set in Nairobi.,2024,English
M00267,Hidden Frontier 267,Action|Thriller,A action story about trust and ambition set in New York.,2017,Igbo
M00268,Silent Journey 268,Sci-Fi|Crime|Comedy,A sci-fi story about survival and friendship set in Mars.,2005,English
M00269,Golden Promise 269,Animation|Romance,A animation story about identity and friendship set in London.,2024,Igbo
M00270,Broken Echo 270,Crime|Romance,A crime story about belonging and belonging set in Nairobi.,2001,French
M00271,Broken River 271,Documentary|Romance|Drama,A documentary story about belonging and ambition set in Mars.,2012,English
M00272,Wild Protocol 272,Crime|Drama,A crime story about survival and friendship set in Lagos.,2013,Yoruba
M00273,Northern Signal 273,Sci-Fi,A sci-fi story about survival and trust set in Lagos.,2016,Igbo
M00274,Golden Garden 274,Sci-Fi,A sci-fi story about trust and trust set in Mars.,2008,French
M00275,Northern Promise 275,Sci-Fi|Romance|Comedy,A sci-fi story about ambition and discovery set in Tokyo.,2012,English
M00276,Midnight Orbit 276,Romance|Adventure,A romance story about technology and family set in Accra.,2022,Igbo
M00277,Northern Journey 277,Drama|Adventure|Romance,A drama story about discovery and discovery set in a floating city.,2021,Igbo
M00278,Electric Journey 278,Sci-Fi,A sci-fi story about ambition and ambition set in Mars.,2011,English
M00279,Midnight Code 279,Thriller|Comedy|Crime,A thriller story about trust and identity set in Tokyo.,2009,English
M00280,Silent Frontier 280,Thriller|Crime,A thriller story about technology and belonging set in Nairobi.,1997,Yoruba
M00281,Electric Journey 281,Sci-Fi|Crime,A sci-fi story about trust and identity set in Lagos.,1995,French
M00282,Last Echo 282,Sci-Fi|Thriller,A sci-fi story about family and technology set in Nairobi.,1999,English
M00283,Silent Promise 283,Thriller|Documentary|Animation,A thriller story about discovery and power set in Lagos.,2000,English
M00284,Northern Echo 284,Documentary|Romance,A documentary story about discovery and identity set in New York.,2019,French
M00285,Electric River 285,Comedy|Action|Adventure,A comedy story about family and ambition set in Lagos.,2004,Yoruba
M00286,Last Promise 286,Adventure|Comedy,A adventure story about friendship and survival set in Lagos.,2001,English
M00287,Northern Code 287,Drama|Sci-Fi|Romance,A drama story about survival and trust set in New York.,2021,Igbo
M00288,Infinite Garden 288,Romance|Sci-Fi,A romance story about family and belonging set in Lagos.,2010,French
M00289,Electric Orbit 289,Sci-Fi|Animation,A sci-fi story about friendship and belonging set in Lagos.,2009,Igbo
M00290,Last Signal 290,Animation,A animation story about ambition and survival set in Nairobi.,2010,French
M00291,Broken Protocol 291,Documentary|Crime,A documentary story about survival and family set in Accra.,2016,English
M00292,Northern Promise 292,Animation|Sci-Fi|Crime,A animation story about technology and friendship set in Nairobi.,2019,Yoruba
M00293,Silent Protocol 293,Crime|Action,A crime story about survival and family set in Mars.,2026,French
M00294,Hidden Code 294,Animation|Crime|Thriller,A animation story about discovery and ambition set in Nairobi.,2023,Igbo
M00295,Silent Signal 295,Comedy|Action,A comedy story about survival and friendship set in New York.,2007,English
M00296,Golden Orbit 296,Animation|Romance,A animation story about discovery and identity set in a floating city.,2003,English
M00297,Hidden Frontier 297,Action|Thriller,A action story about friendship and power set in Nairobi.,2013,Yoruba
M00298,Broken Journey 298,Adventure|Comedy,A adventure story about survival and trust set in Lagos.,2000,French
M00299,Broken Orbit 299,Action,A action story about friendship and survival set in Accra.,2025,French
M00300,Golden Promise 300,Romance,A romance story about family and family set in New York.,2009,English
M00301,Electric Protocol 301,Sci-Fi|Adventure,A sci-fi story about discovery and power set in Nairobi.,2011,English
M00302,Wild Frontier 302,Sci-Fi,A sci-fi story about ambition and identity set in Nairobi.,2023,English
M00303,Broken Frontier 303,Adventure|Drama|Thriller,A adventure story about identity and friendship set in New York.,2014,English
M00304,Broken River 304,Action|Thriller,A action story about survival and identity set in Lagos.,2020,Yoruba
M00305,Hidden Echo 305,Drama,A drama story about technology and discovery set in Accra.,2006,Igbo
M00306,Wild Garden 306,Sci-Fi|Action,A sci-fi story about power and friendship set in Nairobi.,2022,French
M00307,Broken Frontier 307,Adventure|Thriller,A adventure story about belonging and trust set in Mars.,2017,Yoruba
M00308,Last Promise 308,Romance|Comedy,A romance story about ambition and trust set in Tokyo.,2010,Igbo
M00309,Infinite Protocol 309,Crime|Animation,A crime story about ambition and friendship set in London.,2015,Igbo
M00310,Infinite Promise 310,Comedy|Sci-Fi|Animation,A comedy story about belonging and belonging set in Tokyo.,2011,English
M00311,Broken Journey 311,Romance|Animation,A romance story about trust and survival set in Lagos.,2016,Igbo
M00312,Electric Protocol 312,Adventure,A adventure story about identity and identity set in Accra.,2002,English
M00313,Northern Protocol 313,Adventure,A adventure story about family and power set in Accra.,2019,Igbo
M00314,Hidden Frontier 314,Animation|Romance,A animation story about trust and power set in Mars.,2026,French
M00315,Last Orbit 315,Drama|Thriller|Animation,A drama story about ambition and trust set in New York.,2011,English
M00316,Golden Code 316,Sci-Fi|Adventure,A sci-fi story about power and belonging set in New York.,2025,English
M00317,Silent River 317,Thriller|Animation,A thriller story about technology and power set in Mars.,2007,French
M00318,Electric River 318,Drama|Comedy,A drama story about discovery and technology set in Tokyo.,2018,English
M00319,Midnight Orbit 319,Adventure|Romance,A adventure story about power and identity set in Nairobi.,2013,English
M00320,Hidden Signal 320,Documentary|Drama,A documentary story about friendship and friendship set in Nairobi.,2000,Yoruba
M00321,Hidden Promise 321,Sci-Fi|Romance,A sci-fi story about power and belonging set in Lagos.,2001,English
M00322,Northern Frontier 322,Drama,A drama story about discovery and belonging set in Tokyo.,2017,English
M00323,Last Promise 323,Comedy|Sci-Fi,A comedy story about technology and technology set in Mars.,2005,Yoruba
M00324,Wild Garden 324,Romance,A romance story about survival and survival set in Mars.,2014,French
M00325,Wild Orbit 325,Romance|Drama,A romance story about ambition and survival set in Tokyo.,2014,Igbo
M00326,Hidden River 326,Action|Drama|Sci-Fi,A action story about family and family set in Lagos.,2004,English
M00327,Last Orbit 327,Thriller|Sci-Fi,A thriller story about power and ambition set in Mars.,2009,English
M00328,Wild Protocol 328,Comedy|Adventure,A comedy story about discovery and survival set in Tokyo.,2020,Yoruba
M00329,Silent Frontier 329,Sci-Fi|Crime,A sci-fi story about power and trust set in London.,2001,Yoruba
M00330,Golden Orbit 330,Drama|Sci-Fi,A drama story about family and friendship set in Tokyo.,2003,Igbo
M00331,Wild Protocol 331,Comedy,A comedy story about technology and discovery set in Nairobi.,1995,Igbo
M00332,Golden Frontier 332,Crime,A crime story about technology and friendship set in Mars.,2002,English
M00333,Hidden River 333,Adventure,A adventure story about trust and belonging set in Nairobi.,2013,English
M00334,Broken Journey 334,Sci-Fi,A sci-fi story about friendship and survival set in Nairobi.,2004,Yoruba
M00335,Northern Garden 335,Drama|Animation|Romance,A drama story about identity and discovery set in Nairobi.,2024,English
M00336,Hidden Code 336,Crime|Thriller|Comedy,A crime story about survival and discovery set in Lagos.,2026,French
M00337,Broken Signal 337,Thriller|Crime|Documentary,A thriller story about family and friendship set in Accra.,2011,Igbo
M00338,Wild Signal 338,Drama|Action,A drama story about belonging and identity set in Accra.,2020,English
M00339,Hidden Frontier 339,Drama|Action,A drama story about family and ambition set in a floating city.,2025,Igbo
M00340,Hidden Echo 340,Crime|Romance|Thriller,A crime story about discovery and trust set in a floating city.,2009,English
M00341,Broken Code 341,Drama,A drama story about survival and friendship set in New York.,2004,Igbo
M00342,Electric Protocol 342,Thriller|Comedy,A thriller story about discovery and power set in Lagos.,1998,English
M00343,Infinite River 343,Sci-Fi,A sci-fi story about power and power set in Accra.,2017,Igbo
M00344,Midnight Journey 344,Adventure|Documentary|Thriller,A adventure story about power and belonging set in Lagos.,1997,French
M00345,Wild Garden 345,Crime|Animation,A crime story about belonging and friendship set in Nairobi.,2021,English
M00346,Hidden Code 346,Crime|Documentary|Sci-Fi,A crime story about technology and discovery set in New York.,2019,French
M00347,Midnight Promise 347,Animation|Documentary,A animation story about technology and family set in Accra.,2020,English
M00348,Broken Frontier 348,Adventure,A adventure story about technology and ambition set in Lagos.,2022,Igbo
M00349,Midnight Protocol 349,Adventure,A adventure story about discovery and family set in Nairobi.,2016,French
M00350,Northern Protocol 350,Sci-Fi|Crime,A sci-fi story about survival and friendship set in London.,1996,English
M00351,Wild Signal 351,Adventure,A adventure story about survival and discovery set in Lagos.,2017,English
M00352,Infinite Garden 352,Drama,A drama story about trust and survival set in New York.,1998,French
M00353,Northern Orbit 353,Documentary,A documentary story about friendship and discovery set in New York.,2020,Igbo
M00354,Electric Frontier 354,Action|Drama|Documentary,A action story about discovery and family set in a floating city.,1995,Igbo
M00355,Infinite Code 355,Animation,A animation story about identity and trust set in New York.,2015,English
M00356,Electric Promise 356,Action|Comedy|Romance,A action story about belonging and family set in Nairobi.,1999,English
M00357,Northern Orbit 357,Crime|Animation|Adventure,A crime story about friendship and friendship set in Nairobi.,2005,Yoruba
M00358,Silent Promise 358,Drama|Crime,A drama story about survival and technology set in London.,2020,Igbo
M00359,Midnight Orbit 359,Comedy|Crime,A comedy story about power and discovery set in Tokyo.,2024,English
M00360,Golden Garden 360,Documentary|Drama,A documentary story about trust and ambition set in London.,2019,Yoruba
M00361,Wild Orbit 361,Animation|Sci-Fi,A animation story about trust and discovery set in Accra.,2014,French
M00362,Electric Promise 362,Crime|Romance,A crime story about ambition and power set in New York.,2016,Igbo
M00363,Golden Promise 363,Action|Drama|Crime,A action story about power and trust set in Nairobi.,1998,English
M00364,Broken Orbit 364,Adventure,A adventure story about friendship and friendship set in New York.,2015,Yoruba
M00365,Wild River 365,Comedy|Romance,A comedy story about identity and ambition set in New York.,2023,French
M00366,Midnight Orbit 366,Documentary|Romance,A documentary story about power and ambition set in Accra.,2022,Igbo
M00367,Electric River 367,Sci-Fi|Romance|Thriller,A sci-fi story about survival and power set in a floating city.,2026,French
M00368,Hidden Code 368,Adventure,A adventure story about power and power set in New York.,2005,French
M00369,Last Garden 369,Crime|Sci-Fi,A crime story about discovery and survival set in Accra.,2013,Yoruba
M00370,Silent Code 370,Drama|Crime,A drama story about belonging and trust set in Lagos.,2018,English
M00371,Silent River 371,Sci-Fi|Crime,A sci-fi story about ambition and belonging set in Nairobi.,2024,Igbo
M00372,Northern Garden 372,Thriller|Romance,A thriller story about power and identity set in Accra.,2013,English
M00373,Electric Garden 373,Drama|Action,A drama story about trust and ambition set in a floating city.,2011,English
M00374,Electric River 374,Romance|Action|Documentary,A romance story about family and discovery set in New York.,2007,English
M00375,Wild Orbit 375,Romance|Action,A romance story about survival and ambition set in Accra.,2026,English
M00376,Broken Protocol 376,Comedy,A comedy story about discovery and belonging set in London.,2025,English
M00377,Golden Signal 377,Crime|Romance,A crime story about technology and ambition set in Nairobi.,2025,Yoruba
M00378,Infinite Signal 378,Animation|Comedy|Drama,A animation story about technology and identity set in Lagos.,1997,English
M00379,Electric Protocol 379,Thriller|Crime|Comedy,A thriller story about belonging and friendship set in London.,2005,French
M00380,Infinite Promise 380,Crime|Thriller|Documentary,A crime story about ambition and friendship set in Tokyo.,2009,English
M00381,Last Orbit 381,Drama,A drama story about discovery and belonging set in Nairobi.,2020,Igbo
M00382,Electric Signal 382,Comedy,A comedy story about ambition and power set in Tokyo.,1999,Igbo
M00383,Broken Protocol 383,Animation|Sci-Fi,A animation story about technology and friendship set in Nairobi.,2016,English
M00384,Wild Code 384,Action|Adventure|Crime,A action story about power and survival set in Nairobi.,2024,French
M00385,Midnight Signal 385,Documentary|Thriller|Comedy,A documentary story about identity and discovery set in Nairobi.,2017,Igbo
M00386,Northern Code 386,Drama|Comedy,A drama story about survival and trust set in Lagos.,2001,Yoruba
M00387,Hidden Garden 387,Crime|Drama,A crime story about belonging and ambition set in Tokyo.,2016,English
M00388,Last Echo 388,Action,A action story about power and belonging set in Mars.,2004,French
M00389,Hidden Echo 389,Adventure,A adventure story about family and belonging set in a floating city.,2020,English
M00390,Midnight Garden 390,Animation|Adventure,A animation story about ambition and belonging set in a floating city.,2015,English
M00391,Electric Garden 391,Action|Crime|Sci-Fi,A action story about trust and survival set in London.,2013,Igbo
M00392,Wild Frontier 392,Romance|Sci-Fi|Animation,A romance story about survival and family set in New York.,2007,Igbo
M00393,Electric Garden 393,Comedy|Animation|Sci-Fi,A comedy story about identity and belonging set in Mars.,2011,English
M00394,Wild Code 394,Animation|Romance,A animation story about discovery and belonging set in Nairobi.,2001,French
M00395,Golden River 395,Thriller|Animation|Sci-Fi,A thriller story about friendship and technology set in Tokyo.,2004,Igbo
M00396,Midnight Orbit 396,Comedy|Crime,A comedy story about power and power set in Mars.,2005,English
M00397,Infinite Promise 397,Sci-Fi,A sci-fi story about trust and belonging set in Tokyo.,2021,English
M00398,Broken Code 398,Crime|Action,A crime story about technology and discovery set in Tokyo.,1998,English
M00399,Midnight River 399,Comedy|Drama,A comedy story about friendship and friendship set in London.,2000,French
M00400,Midnight Code 400,Action|Crime,A action story about survival and family set in a floating city.,2025,Yoruba
M00401,Broken Orbit 401,Thriller|Drama,A thriller story about identity and discovery set in London.,2022,English
M00402,Wild Code 402,Sci-Fi|Documentary|Animation,A sci-fi story about belonging and family set in Nairobi.,2000,Yoruba
M00403,Hidden River 403,Animation|Sci-Fi,A animation story about power and belonging set in Nairobi.,2013,French
M00404,Midnight Protocol 404,Animation|Sci-Fi,A animation story about ambition and ambition set in Lagos.,2012,Yoruba
M00405,Hidden River 405,Thriller|Drama,A thriller story about discovery and family set in Mars.,2010,French
M00406,Silent Protocol 406,Crime|Adventure,A crime story about survival and technology set in New York.,2015,Igbo
M00407,Last Frontier 407,Animation|Romance,A animation story about discovery and ambition set in Nairobi.,2006,French
M00408,Midnight Orbit 408,Animation,A animation story about identity and survival set in London.,2022,English
M00409,Silent Echo 409,Romance|Documentary,A romance story about family and power set in Tokyo.,2009,Igbo
M00410,Electric Echo 410,Action|Crime,A action story about power and ambition set in Tokyo.,2016,English
M00411,Hidden Frontier 411,Animation,A animation story about friendship and survival set in New York.,2021,English
M00412,Infinite River 412,Adventure|Romance|Documentary,A adventure story about ambition and technology set in London.,2016,Igbo
M00413,Silent Journey 413,Animation,A animation story about identity and survival set in Lagos.,2025,English
M00414,Wild River 414,Sci-Fi|Crime|Thriller,A sci-fi story about friendship and belonging set in a floating city.,2015,Yoruba
M00415,Wild Frontier 415,Drama|Romance,A drama story about family and belonging set in Lagos.,1995,French
M00416,Electric River 416,Drama|Adventure,A drama story about survival and identity set in London.,2001,English
M00417,Wild Promise 417,Drama,A drama story about power and trust set in Accra.,2013,English
M00418,Hidden Orbit 418,Comedy,A comedy story about belonging and trust set in New York.,2025,Yoruba
M00419,Last River 419,Adventure|Documentary|Romance,A adventure story about power and ambition set in Lagos.,2006,English
M00420,Last Protocol 420,Sci-Fi|Thriller,A sci-fi story about identity and trust set in Accra.,2016,Igbo
M00421,Golden Journey 421,Adventure|Romance|Animation,A adventure story about trust and trust set in a floating city.,2020,English
M00422,Wild Promise 422,Sci-Fi|Documentary,A sci-fi story about trust and friendship set in London.,2006,English
M00423,Broken Signal 423,Sci-Fi,A sci-fi story about ambition and technology set in London.,2015,French
M00424,Northern Orbit 424,Adventure,A adventure story about belonging and discovery set in London.,1998,English
M00425,Golden Frontier 425,Adventure|Thriller|Crime,A adventure story about ambition and technology set in Nairobi.,2002,Igbo
M00426,Infinite Promise 426,Romance|Drama,A romance story about friendship and identity set in London.,1999,English
M00427,Silent Journey 427,Sci-Fi|Thriller,A sci-fi story about friendship and trust set in Tokyo.,2002,Igbo
M00428,Northern Journey 428,Action,A action story about friendship and discovery set in Lagos.,2020,Yoruba
M00429,Midnight River 429,Thriller,A thriller story about technology and trust set in Mars.,2023,French
M00430,Northern Echo 430,Documentary,A documentary story about identity and discovery set in Accra.,2015,French
M00431,Infinite Orbit 431,Crime|Romance,A crime story about family and survival set in Mars.,2014,English
M00432,Broken Promise 432,Sci-Fi|Drama,A sci-fi story about identity and power set in Nairobi.,2007,English
M00433,Silent Frontier 433,Sci-Fi|Drama,A sci-fi story about friendship and friendship set in a floating city.,2012,French
M00434,Northern Code 434,Action|Sci-Fi,A action story about technology and ambition set in Lagos.,2015,Igbo
M00435,Infinite Protocol 435,Drama|Animation,A drama story about trust and power set in New York.,2020,English
M00436,Golden Garden 436,Comedy|Romance,A comedy story about family and technology set in London.,2023,Igbo
M00437,Golden Garden 437,Animation|Adventure,A animation story about technology and technology set in New York.,2018,English
M00438,Wild Garden 438,Adventure,A adventure story about friendship and survival set in Tokyo.,2023,English
M00439,Infinite Garden 439,Drama,A drama story about survival and family set in Lagos.,2005,English
M00440,Infinite River 440,Thriller|Sci-Fi,A thriller story about ambition and family set in Tokyo.,2001,French
M00441,Silent Code 441,Sci-Fi|Documentary,A sci-fi story about belonging and ambition set in London.,2005,English
M00442,Electric Echo 442,Romance,A romance story about power and ambition set in New York.,2001,English
M00443,Northern Echo 443,Action|Crime|Romance,A action story about survival and identity set in Tokyo.,2004,Igbo
M00444,Silent Garden 444,Action|Comedy,A action story about family and belonging set in Mars.,2022,Igbo
M00445,Golden River 445,Documentary|Action,A documentary story about family and survival set in Lagos.,2011,English
M00446,Electric Frontier 446,Crime|Documentary,A crime story about identity and trust set in Nairobi.,2018,Igbo
M00447,Broken Echo 447,Drama|Documentary|Animation,A drama story about trust and friendship set in London.,1999,French
M00448,Northern Protocol 448,Animation,A animation story about belonging and ambition set in a floating city.,1998,English
M00449,Northern Orbit 449,Adventure,A adventure story about family and survival set in Mars.,2015,Igbo
M00450,Midnight Code 450,Drama,A drama story about ambition and power set in London.,2022,English
M00451,Hidden Signal 451,Drama,A drama story about identity and identity set in Lagos.,2006,French
M00452,Electric Code 452,Comedy|Thriller|Sci-Fi,A comedy story about friendship and friendship set in Tokyo.,2026,Yoruba
M00453,Midnight Garden 453,Thriller|Documentary|Drama,A thriller story about survival and identity set in London.,2023,English
M00454,Midnight Frontier 454,Romance|Drama,A romance story about identity and survival set in London.,2001,Igbo
M00455,Electric Journey 455,Documentary|Comedy|Romance,A documentary story about discovery and friendship set in New York.,2012,Yoruba
M00456,Broken River 456,Comedy|Crime,A comedy story about power and identity set in London.,2002,Yoruba
M00457,Golden Echo 457,Animation|Crime,A animation story about trust and power set in New York.,2014,English
M00458,Northern Protocol 458,Sci-Fi,A sci-fi story about friendship and survival set in Accra.,2004,Yoruba
M00459,Hidden Promise 459,Crime|Adventure,A crime story about survival and trust set in Mars.,2025,Igbo
M00460,Wild Promise 460,Adventure|Documentary,A adventure story about trust and belonging set in New York.,1996,Igbo
M00461,Wild Frontier 461,Comedy|Thriller,A comedy story about belonging and technology set in London.,2005,Igbo
M00462,Broken Signal 462,Adventure,A adventure story about technology and technology set in Tokyo.,2002,Yoruba
M00463,Golden Signal 463,Crime,A crime story about discovery and trust set in London.,2000,French
M00464,Last Promise 464,Sci-Fi|Comedy,A sci-fi story about trust and power set in Tokyo.,2026,English
M00465,Infinite Journey 465,Documentary|Sci-Fi,A documentary story about friendship and friendship set in Nairobi.,2025,Igbo
M00466,Golden Frontier 466,Sci-Fi,A sci-fi story about power and friendship set in Lagos.,1999,English
M00467,Hidden Orbit 467,Sci-Fi|Adventure,A sci-fi story about power and technology set in Nairobi.,2002,English
M00468,Midnight Code 468,Comedy|Romance,A comedy story about discovery and trust set in London.,2008,English
M00469,Last Promise 469,Drama|Thriller,A drama story about ambition and friendship set in New York.,2002,English
M00470,Infinite Signal 470,Adventure|Thriller,A adventure story about power and trust set in Tokyo.,2019,Yoruba
M00471,Golden River 471,Crime|Sci-Fi,A crime story about power and discovery set in Nairobi.,2007,English
M00472,Electric River 472,Comedy,A comedy story about friendship and survival set in Nairobi.,2020,French
M00473,Golden Garden 473,Drama,A drama story about friendship and survival set in New York.,2006,English
M00474,Infinite Garden 474,Sci-Fi|Documentary,A sci-fi story about family and friendship set in New York.,2001,Igbo
M00475,Infinite Journey 475,Romance,A romance story about family and trust set in Accra.,2001,English
M00476,Northern Orbit 476,Action|Adventure,A action story about friendship and survival set in Nairobi.,2007,Yoruba
M00477,Electric Code 477,Adventure,A adventure story about power and ambition set in Nairobi.,2024,English
M00478,Midnight Orbit 478,Comedy|Drama,A comedy story about technology and ambition set in Mars.,1998,English
M00479,Electric Journey 479,Drama|Animation|Documentary,A drama story about trust and discovery set in New York.,2024,English
M00480,Golden Orbit 480,Action|Comedy,A action story about survival and survival set in Nairobi.,2006,English
M00481,Wild Journey 481,Sci-Fi|Action|Thriller,A sci-fi story about power and identity set in New York.,2000,Igbo
M00482,Midnight River 482,Thriller|Sci-Fi|Comedy,A thriller story about survival and belonging set in New York.,2021,English
M00483,Last Code 483,Comedy|Adventure|Thriller,A comedy story about trust and discovery set in Accra.,2022,Yoruba
M00484,Wild Orbit 484,Documentary|Sci-Fi,A documentary story about family and discovery set in Tokyo.,2010,English
M00485,Hidden Signal 485,Documentary|Romance,A documentary story about ambition and belonging set in London.,2003,Igbo
M00486,Silent Echo 486,Comedy|Romance|Thriller,A comedy story about survival and trust set in Mars.,2010,English
M00487,Hidden River 487,Adventure|Drama|Comedy,A adventure story about family and ambition set in a floating city.,2000,French
M00488,Infinite Echo 488,Drama,A drama story about discovery and trust set in Tokyo.,2002,English
M00489,Midnight Code 489,Comedy,A comedy story about technology and power set in Nairobi.,2005,French
M00490,Last Protocol 490,Sci-Fi|Documentary,A sci-fi story about ambition and friendship set in a floating city.,2016,French
M00491,Midnight Garden 491,Adventure|Sci-Fi|Comedy,A adventure story about friendship and technology set in New York.,2008,English
M00492,Hidden Journey 492,Comedy|Thriller,A comedy story about discovery and ambition set in a floating city.,2006,Yoruba
M00493,Wild Journey 493,Animation|Thriller|Action,A animation story about power and technology set in Lagos.,2001,English
M00494,Last Journey 494,Comedy|Sci-Fi|Crime,A comedy story about ambition and family set in London.,2013,Igbo
M00495,Silent Frontier 495,Documentary|Drama,A documentary story about ambition and identity set in Nairobi.,2024,Igbo
M00496,Midnight Promise 496,Animation|Action|Drama,A animation story about trust and survival set in Nairobi.,1997,Igbo
M00497,Infinite River 497,Animation|Sci-Fi,A animation story about identity and technology set in a floating city.,2008,Yoruba
M00498,Electric Protocol 498,Sci-Fi|Crime,A sci-fi story about power and friendship set in London.,2002,Igbo
M00499,Electric Garden 499,Comedy,A comedy story about power and discovery set in Mars.,2004,English
M00500,Electric Signal 500,Comedy|Drama,A comedy story about friendship and belonging set in London.,2016,Igbo
M00501,Wild Promise 501,Action,A action story about power and ambition set in a floating city.,2013,English
M00502,Silent Promise 502,Animation|Drama|Thriller,A animation story about friendship and friendship set in Tokyo.,2004,French
M00503,Hidden Journey 503,Action|Drama,A action story about technology and power set in Lagos.,2026,Igbo
M00504,Midnight Echo 504,Drama|Romance|Thriller,A drama story about technology and belonging set in Lagos.,2025,Igbo
M00505,Silent Frontier 505,Documentary|Adventure|Sci-Fi,A documentary story about identity and family set in Lagos.,2021,Yoruba
M00506,Silent Echo 506,Romance|Action|Documentary,A romance story about power and technology set in Nairobi.,2021,Yoruba
M00507,Broken Orbit 507,Animation|Documentary,A animation story about friendship and belonging set in Mars.,2026,English
M00508,Infinite Code 508,Sci-Fi|Documentary,A sci-fi story about trust and trust set in New York.,2002,French
M00509,Silent Frontier 509,Sci-Fi|Drama|Romance,A sci-fi story about identity and discovery set in Tokyo.,2019,Igbo
M00510,Electric Signal 510,Comedy|Romance,A comedy story about family and ambition set in a floating city.,1999,English
M00511,Hidden Protocol 511,Animation|Sci-Fi,A animation story about ambition and friendship set in Tokyo.,2010,French
M00512,Broken Orbit 512,Thriller|Sci-Fi|Comedy,A thriller story about discovery and trust set in a floating city.,2012,English
M00513,Northern Journey 513,Comedy|Adventure|Drama,A comedy story about survival and belonging set in New York.,2009,Igbo
M00514,Broken Code 514,Thriller|Action,A thriller story about survival and survival set in Accra.,2009,Yoruba
M00515,Last Protocol 515,Documentary|Romance,A documentary story about technology and friendship set in Tokyo.,2001,Yoruba
M00516,Last Journey 516,Romance|Action|Documentary,A romance story about power and power set in Lagos.,1999,Yoruba
M00517,Silent Code 517,Crime,A crime story about family and identity set in London.,1997,Igbo
M00518,Last River 518,Comedy|Thriller,A comedy story about survival and friendship set in Accra.,2019,French
M00519,Northern Journey 519,Adventure|Comedy,A adventure story about technology and identity set in New York.,2007,Yoruba
M00520,Infinite Orbit 520,Animation|Documentary,A animation story about family and technology set in Mars.,2016,Igbo
M00521,Broken Frontier 521,Animation|Sci-Fi,A animation story about family and power set in Mars.,2022,English
M00522,Wild Orbit 522,Comedy|Thriller|Crime,A comedy story about survival and friendship set in Nairobi.,1995,English
M00523,Silent Journey 523,Documentary|Romance,A documentary story about survival and ambition set in Accra.,1997,English
M00524,Hidden Garden 524,Action|Animation,A action story about family and identity set in London.,2020,English
M00525,Northern Orbit 525,Adventure,A adventure story about ambition and belonging set in New York.,2014,French
M00526,Last Journey 526,Documentary|Crime|Drama,A documentary story about identity and survival set in Tokyo.,2006,Igbo
M00527,Electric River 527,Crime,A crime story about discovery and ambition set in Accra.,1995,Yoruba
M00528,Infinite Journey 528,Animation|Documentary,A animation story about friendship and family set in Tokyo.,2009,Yoruba
M00529,Broken Echo 529,Adventure|Romance|Animation,A adventure story about identity and family set in a floating city.,2019,French
M00530,Infinite Protocol 530,Romance|Documentary|Adventure,A romance story about friendship and power set in Accra.,2007,French
M00531,Electric Frontier 531,Documentary|Comedy|Drama,A documentary story about ambition and belonging set in Lagos.,2016,Igbo
M00532,Broken Promise 532,Crime|Documentary,A crime story about power and discovery set in London.,1996,French
M00533,Broken Signal 533,Comedy,A comedy story about family and technology set in Nairobi.,2010,English
M00534,Last Frontier 534,Thriller|Action|Animation,A thriller story about discovery and friendship set in Accra.,2004,English
M00535,Wild Garden 535,Sci-Fi|Animation|Crime,A sci-fi story about ambition and family set in Nairobi.,2004,Yoruba
M00536,Northern Garden 536,Action|Comedy,A action story about ambition and discovery set in New York.,2010,English
M00537,Wild Protocol 537,Romance|Animation,A romance story about friendship and power set in Mars.,2014,Igbo
M00538,Hidden Garden 538,Romance|Adventure,A romance story about belonging and ambition set in Mars.,2008,French
M00539,Last Frontier 539,Sci-Fi|Romance,A sci-fi story about belonging and trust set in Mars.,2005,Yoruba
M00540,Wild Orbit 540,Thriller,A thriller story about survival and friendship set in London.,2016,English
M00541,Golden Echo 541,Documentary|Comedy,A documentary story about identity and trust set in London.,2021,English
M00542,Midnight Frontier 542,Crime,A crime story about technology and family set in Nairobi.,2001,Yoruba
M00543,Silent Garden 543,Sci-Fi|Animation,A sci-fi story about technology and belonging set in Accra.,2025,English
M00544,Electric Echo 544,Documentary|Romance,A documentary story about survival and belonging set in Mars.,2024,English
M00545,Wild Garden 545,Romance|Thriller,A romance story about friendship and belonging set in New York.,2022,Yoruba
M00546,Silent Echo 546,Crime|Thriller,A crime story about trust and family set in Nairobi.,2004,English
M00547,Wild River 547,Romance|Comedy,A romance story about identity and trust set in Nairobi.,1999,Igbo
M00548,Golden Garden 548,Action|Drama|Sci-Fi,A action story about belonging and trust set in Nairobi.,2004,English
M00549,Electric Garden 549,Drama|Adventure,A drama story about technology and identity set in Lagos.,2010,English
M00550,Wild Garden 550,Romance|Documentary,A romance story about ambition and trust set in a floating city.,1998,Igbo
M00551,Golden Orbit 551,Action,A action story about family and identity set in Nairobi.,2013,Yoruba
M00552,Midnight Journey 552,Action,A action story about discovery and ambition set in New York.,2013,English
M00553,Infinite Promise 553,Animation|Drama,A animation story about power and discovery set in New York.,2020,English
M00554,Hidden Orbit 554,Documentary|Adventure,A documentary story about trust and ambition set in Tokyo.,1995,Igbo
M00555,Silent Garden 555,Documentary|Romance,A documentary story about family and belonging set in Lagos.,2011,French
M00556,Golden Orbit 556,Documentary,A documentary story about discovery and ambition set in Accra.,2008,English
M00557,Infinite Garden 557,Sci-Fi,A sci-fi story about family and discovery set in London.,2025,Igbo
M00558,Wild Orbit 558,Thriller|Crime,A thriller story about ambition and power set in Lagos.,2019,English
M00559,Golden Echo 559,Comedy|Drama,A comedy story about technology and technology set in a floating city.,2004,Yoruba
M00560,Hidden Echo 560,Romance|Crime|Thriller,A romance story about power and trust set in Lagos.,2002,Yoruba
M00561,Hidden Echo 561,Adventure|Drama|Sci-Fi,A adventure story about family and identity set in Lagos.,2005,Igbo
M00562,Electric Orbit 562,Crime|Thriller|Drama,A crime story about discovery and ambition set in Accra.,1996,Yoruba
M00563,Northern River 563,Crime|Drama|Romance,A crime story about discovery and identity set in Nairobi.,1998,Yoruba
M00564,Golden Journey 564,Comedy,A comedy story about survival and power set in Lagos.,2024,Yoruba
M00565,Midnight River 565,Sci-Fi,A sci-fi story about technology and friendship set in a floating city.,2016,English
M00566,Electric Frontier 566,Animation|Comedy,A animation story about trust and identity set in a floating city.,2006,Yoruba
M00567,Electric Signal 567,Thriller|Action,A thriller story about technology and trust set in New York.,2025,French
M00568,Midnight Orbit 568,Animation|Crime|Comedy,A animation story about belonging and ambition set in Tokyo.,2019,Igbo
M00569,Golden Code 569,Adventure|Crime|Drama,A adventure story about trust and power set in London.,2002,English
M00570,Wild Protocol 570,Comedy|Romance|Drama,A comedy story about survival and ambition set in Tokyo.,2008,English
M00571,Broken Orbit 571,Adventure|Thriller,A adventure story about discovery and power set in London.,1996,English
M00572,Infinite Signal 572,Adventure|Thriller|Comedy,A adventure story about technology and identity set in Accra.,2007,Igbo
M00573,Golden Signal 573,Animation|Sci-Fi,A animation story about identity and survival set in New York.,2020,French
M00574,Wild Promise 574,Crime|Sci-Fi,A crime story about technology and identity set in New York.,2015,Yoruba
M00575,Last Orbit 575,Sci-Fi,A sci-fi story about ambition and trust set in Lagos.,1999,English
M00576,Silent Code 576,Thriller|Drama|Romance,A thriller story about discovery and ambition set in Tokyo.,2001,French
M00577,Broken Promise 577,Documentary,A documentary story about ambition and technology set in London.,2005,Igbo
M00578,Last Journey 578,Documentary|Animation|Sci-Fi,A documentary story about discovery and survival set in a floating city.,2013,English
M00579,Infinite Promise 579,Sci-Fi,A sci-fi story about ambition and trust set in New York.,2000,English
M00580,Hidden Journey 580,Animation|Romance,A animation story about friendship and friendship set in Tokyo.,2007,Yoruba
M00581,Silent Garden 581,Sci-Fi|Drama,A sci-fi story about identity and ambition set in a floating city.,2000,French
M00582,Infinite Protocol 582,Thriller|Romance,A thriller story about family and discovery set in London.,1997,Igbo
M00583,Golden River 583,Comedy|Animation|Adventure,A comedy story about power and friendship set in Tokyo.,2019,French
M00584,Electric Orbit 584,Action|Documentary|Drama,A action story about family and family set in Accra.,2015,English
M00585,Wild Code 585,Romance,A romance story about identity and survival set in Accra.,2008,Igbo
M00586,Golden Protocol 586,Romance|Crime|Thriller,A romance story about survival and friendship set in Nairobi.,2019,English
M00587,Golden Journey 587,Action|Documentary|Sci-Fi,A action story about ambition and survival set in Nairobi.,2005,French
M00588,Midnight Protocol 588,Comedy,A comedy story about survival and trust set in Mars.,2002,French
M00589,Silent Promise 589,Comedy|Documentary,A comedy story about belonging and power set in London.,2004,English
M00590,Broken Code 590,Romance,A romance story about friendship and discovery set in Lagos.,2000,French
M00591,Electric Echo 591,Crime,A crime story about family and discovery set in Nairobi.,2018,Igbo
M00592,Silent Orbit 592,Adventure|Sci-Fi,A adventure story about technology and technology set in a floating city.,2014,French
M00593,Last Signal 593,Action|Documentary,A action story about technology and power set in a floating city.,2017,French
M00594,Last Garden 594,Thriller|Adventure,A thriller story about technology and trust set in Mars.,2014,Yoruba
M00595,Midnight Promise 595,Romance,A romance story about friendship and belonging set in New York.,2016,English
M00596,Infinite Garden 596,Action,A action story about trust and power set in Accra.,1996,French
M00597,Broken Protocol 597,Crime,A crime story about discovery and ambition set in Tokyo.,2004,English
M00598,Broken Signal 598,Action|Comedy,A action story about friendship and family set in Accra.,1996,English
M00599,Infinite Signal 599,Drama,A drama story about discovery and belonging set in a floating city.,2017,Yoruba
M00600,Golden Promise 600,Documentary|Action|Comedy,A documentary story about discovery and technology set in New York.,2007,Yoruba
M00601,Midnight River 601,Drama|Documentary,A drama story about trust and friendship set in Mars.,1998,Yoruba
M00602,Infinite Echo 602,Crime|Action,A crime story about power and discovery set in Lagos.,2001,French
M00603,Midnight Journey 603,Sci-Fi,A sci-fi story about friendship and friendship set in Lagos.,2013,Yoruba
M00604,Broken Echo 604,Action,A action story about power and belonging set in a floating city.,2017,English
M00605,Last Garden 605,Drama|Documentary,A drama story about power and family set in London.,2023,Yoruba
M00606,Infinite Signal 606,Animation,A animation story about power and technology set in a floating city.,2000,English
M00607,Golden Signal 607,Action|Animation,A action story about ambition and friendship set in Lagos.,2000,English
M00608,Silent Journey 608,Animation|Documentary,A animation story about discovery and discovery set in Mars.,2023,French
M00609,Silent Journey 609,Sci-Fi|Comedy,A sci-fi story about power and family set in Accra.,2006,Yoruba
M00610,Broken Orbit 610,Drama|Crime|Documentary,A drama story about survival and trust set in Nairobi.,2026,Yoruba
M00611,Infinite River 611,Crime,A crime story about trust and trust set in New York.,2013,English
M00612,Broken Journey 612,Comedy|Drama,A comedy story about trust and ambition set in a floating city.,2011,English
M00613,Wild Code 613,Sci-Fi|Documentary|Crime,A sci-fi story about family and technology set in Nairobi.,2003,French
M00614,Broken Code 614,Adventure|Comedy,A adventure story about power and discovery set in Tokyo.,2010,Yoruba
M00615,Golden Garden 615,Adventure|Thriller,A adventure story about identity and friendship set in Nairobi.,2009,Igbo
M00616,Wild Frontier 616,Thriller|Documentary|Action,A thriller story about survival and survival set in Tokyo.,2010,French
M00617,Infinite Orbit 617,Romance|Crime,A romance story about survival and belonging set in New York.,1996,French
M00618,Silent River 618,Comedy|Crime|Action,A comedy story about power and discovery set in Tokyo.,1996,Igbo
M00619,Silent Garden 619,Comedy|Crime,A comedy story about trust and discovery set in Nairobi.,2016,French
M00620,Golden Journey 620,Sci-Fi|Adventure,A sci-fi story about ambition and discovery set in Accra.,2009,Yoruba
M00621,Golden River 621,Documentary|Comedy,A documentary story about ambition and trust set in Tokyo.,1999,French
M00622,Hidden Echo 622,Comedy|Documentary,A comedy story about power and power set in New York.,2004,Yoruba
M00623,Broken Journey 623,Documentary|Action,A documentary story about survival and friendship set in London.,1999,Yoruba
M00624,Golden Echo 624,Action|Comedy,A action story about trust and ambition set in New York.,2011,French
M00625,Golden Garden 625,Comedy,A comedy story about family and discovery set in Tokyo.,2003,English
M00626,Midnight Frontier 626,Documentary,A documentary story about power and friendship set in New York.,2007,English
M00627,Infinite Echo 627,Thriller|Romance,A thriller story about power and discovery set in London.,2018,Igbo
M00628,Silent Signal 628,Drama|Sci-Fi|Thriller,A drama story about technology and friendship set in London.,2006,Yoruba
M00629,Wild Promise 629,Crime,A crime story about family and trust set in London.,2000,Igbo
M00630,Infinite Promise 630,Action|Sci-Fi,A action story about family and ambition set in Accra.,2020,French
M00631,Electric Signal 631,Animation|Comedy,A animation story about belonging and friendship set in New York.,2014,Igbo
M00632,Hidden Signal 632,Thriller,A thriller story about ambition and identity set in Lagos.,2023,English
M00633,Electric Promise 633,Documentary|Sci-Fi,A documentary story about belonging and belonging set in New York.,1999,Igbo
M00634,Midnight Orbit 634,Crime|Documentary,A crime story about ambition and friendship set in Accra.,2000,Yoruba
M00635,Silent Echo 635,Sci-Fi,A sci-fi story about belonging and friendship set in Accra.,2022,English
M00636,Broken Signal 636,Documentary|Romance|Sci-Fi,A documentary story about belonging and identity set in a floating city.,2014,English
M00637,Broken Protocol 637,Comedy,A comedy story about friendship and belonging set in New York.,2008,English
M00638,Golden Protocol 638,Comedy|Drama,A comedy story about belonging and friendship set in Lagos.,2011,French
M00639,Midnight Promise 639,Comedy|Crime,A comedy story about friendship and family set in Accra.,2022,French
M00640,Wild Code 640,Romance|Thriller|Action,A romance story about identity and ambition set in New York.,2020,French
M00641,Wild Journey 641,Romance,A romance story about technology and belonging set in Tokyo.,2005,Yoruba
M00642,Broken Protocol 642,Romance|Action,A romance story about friendship and technology set in Tokyo.,1996,Igbo
M00643,Golden Orbit 643,Sci-Fi|Romance,A sci-fi story about ambition and family set in Mars.,2001,English
M00644,Wild Code 644,Romance|Crime,A romance story about ambition and technology set in a floating city.,2026,Igbo
M00645,Infinite River 645,Adventure|Romance,A adventure story about friendship and belonging set in Accra.,2006,Igbo
M00646,Wild Protocol 646,Crime|Romance,A crime story about belonging and identity set in Mars.,1995,Yoruba
M00647,Infinite Signal 647,Animation|Comedy,A animation story about friendship and belonging set in Tokyo.,2014,English
M00648,Wild Frontier 648,Sci-Fi|Drama|Documentary,A sci-fi story about discovery and family set in New York.,2001,Yoruba
M00649,Golden Journey 649,Adventure|Thriller,A adventure story about discovery and family set in Mars.,2008,French
M00650,Electric Frontier 650,Adventure|Animation|Comedy,A adventure story about identity and discovery set in Accra.,2019,English
M00651,Last Orbit 651,Romance|Drama|Animation,A romance story about power and identity set in Tokyo.,1999,Yoruba
M00652,Broken Echo 652,Crime|Drama,A crime story about trust and discovery set in Mars.,2024,Igbo
M00653,Infinite Code 653,Thriller,A thriller story about survival and power set in Lagos.,2003,Igbo
M00654,Hidden Orbit 654,Documentary,A documentary story about family and friendship set in a floating city.,2019,Yoruba
M00655,Infinite Signal 655,Thriller,A thriller story about friendship and family set in Nairobi.,2026,English
M00656,Electric Signal 656,Sci-Fi,A sci-fi story about family and identity set in London.,1998,French
M00657,Electric River 657,Action,A action story about identity and friendship set in London.,2003,English
M00658,Wild Protocol 658,Drama|Animation|Comedy,A drama story about ambition and technology set in Accra.,2025,French
M00659,Broken Code 659,Thriller|Adventure|Drama,A thriller story about belonging and identity set in London.,2018,English
M00660,Hidden River 660,Romance,A romance story about survival and survival set in Lagos.,2009,French
M00661,Broken Frontier 661,Documentary|Sci-Fi|Crime,A documentary story about technology and power set in Nairobi.,2000,Igbo
M00662,Midnight Signal 662,Romance|Documentary,A romance story about friendship and family set in Lagos.,2009,English
M00663,Electric Garden 663,Crime|Romance,A crime story about trust and friendship set in Tokyo.,2001,Yoruba
M00664,Last Echo 664,Sci-Fi|Documentary|Drama,A sci-fi story about power and identity set in a floating city.,2014,Igbo
M00665,Northern Protocol 665,Thriller|Documentary|Crime,A thriller story about power and survival set in Lagos.,1996,Igbo
M00666,Northern River 666,Sci-Fi|Adventure|Crime,A sci-fi story about power and friendship set in London.,2022,English
M00667,Last River 667,Animation|Romance,A animation story about identity and belonging set in Lagos.,2021,English
M00668,Last River 668,Drama|Romance,A drama story about family and power set in Mars.,2021,French
M00669,Last Garden 669,Adventure|Documentary,A adventure story about discovery and power set in London.,1996,French
M00670,Golden Journey 670,Thriller|Animation,A thriller story about survival and power set in Accra.,2009,Igbo
M00671,Last Protocol 671,Documentary|Thriller,A documentary story about survival and family set in Tokyo.,2025,French
M00672,Midnight Signal 672,Thriller|Sci-Fi|Drama,A thriller story about ambition and belonging set in Lagos.,1997,English
M00673,Electric Frontier 673,Thriller|Adventure,A thriller story about ambition and ambition set in London.,2008,French
M00674,Golden Frontier 674,Adventure|Action,A adventure story about belonging and friendship set in Nairobi.,2003,Igbo
M00675,Last Garden 675,Romance|Adventure,A romance story about technology and belonging set in London.,2001,English
M00676,Infinite Code 676,Sci-Fi|Thriller,A sci-fi story about survival and power set in a floating city.,2021,Igbo
M00677,Midnight Frontier 677,Comedy|Sci-Fi,A comedy story about discovery and ambition set in Nairobi.,1995,French
M00678,Electric Protocol 678,Animation|Comedy,A animation story about technology and friendship set in Accra.,2010,English
M00679,Northern Signal 679,Sci-Fi|Romance,A sci-fi story about family and survival set in London.,2003,Igbo
M00680,Last Protocol 680,Romance|Crime,A romance story about belonging and family set in a floating city.,1998,Yoruba
M00681,Broken River 681,Thriller|Comedy,A thriller story about belonging and technology set in a floating city.,1996,English
M00682,Silent Frontier 682,Animation|Romance|Documentary,A animation story about identity and power set in Tokyo.,2013,Yoruba
M00683,Hidden Orbit 683,Documentary|Adventure,A documentary story about technology and friendship set in Mars.,2021,English
M00684,Golden Signal 684,Crime|Drama,A crime story about survival and discovery set in Tokyo.,2005,French
M00685,Golden Code 685,Sci-Fi|Animation,A sci-fi story about technology and discovery set in Tokyo.,2021,English
M00686,Wild River 686,Sci-Fi|Comedy|Drama,A sci-fi story about power and power set in Lagos.,2024,English
M00687,Wild Signal 687,Sci-Fi|Documentary,A sci-fi story about ambition and family set in New York.,2010,English
M00688,Broken Orbit 688,Adventure|Drama|Crime,A adventure story about ambition and friendship set in a floating city.,2009,French
M00689,Golden Orbit 689,Comedy|Action|Romance,A comedy story about technology and discovery set in a floating city.,2005,Yoruba
M00690,Silent Echo 690,Action,A action story about family and ambition set in New York.,2010,Igbo
M00691,Midnight Garden 691,Drama|Crime,A drama story about family and friendship set in a floating city.,1996,Yoruba
M00692,Hidden Code 692,Crime|Action,A crime story about trust and family set in Lagos.,1995,Igbo
M00693,Wild River 693,Thriller|Comedy,A thriller story about belonging and friendship set in Nairobi.,2005,Igbo
M00694,Golden Promise 694,Drama|Romance,A drama story about belonging and family set in Mars.,2007,French
M00695,Golden Journey 695,Animation|Adventure,A animation story about friendship and survival set in London.,2019,Igbo
M00696,Infinite River 696,Adventure|Sci-Fi,A adventure story about belonging and identity set in London.,1996,English
M00697,Golden Frontier 697,Comedy,A comedy story about discovery and family set in New York.,2020,French
M00698,Electric Garden 698,Thriller|Action,A thriller story about belonging and identity set in Nairobi.,2011,French
M00699,Broken Frontier 699,Drama|Animation|Adventure,A drama story about survival and survival set in Nairobi.,2023,Igbo
M00700,Broken River 700,Action|Romance,A action story about power and ambition set in New York.,2019,Yoruba
M00701,Hidden River 701,Sci-Fi|Romance|Documentary,A sci-fi story about survival and technology set in Lagos.,2005,Yoruba
M00702,Broken Garden 702,Drama|Animation,A drama story about ambition and family set in a floating city.,2004,English
M00703,Electric Code 703,Adventure|Drama,A adventure story about family and friendship set in a floating city.,1996,French
M00704,Golden Frontier 704,Crime,A crime story about power and technology set in Lagos.,2003,Yoruba
M00705,Wild Code 705,Adventure,A adventure story about trust and power set in Tokyo.,2012,English
M00706,Midnight Code 706,Comedy|Thriller,A comedy story about friendship and trust set in New York.,1997,English
M00707,Hidden Orbit 707,Action|Thriller,A action story about friendship and belonging set in Accra.,2020,English
M00708,Golden Journey 708,Adventure|Documentary|Animation,A adventure story about survival and ambition set in a floating city.,2010,French
M00709,Broken River 709,Comedy|Animation,A comedy story about technology and technology set in New York.,1998,Yoruba
M00710,Infinite River 710,Animation|Documentary,A animation story about power and technology set in Nairobi.,2009,English
M00711,Northern Echo 711,Drama|Action|Romance,A drama story about identity and discovery set in Tokyo.,1997,Yoruba
M00712,Hidden Code 712,Sci-Fi|Comedy|Action,A sci-fi story about power and ambition set in Tokyo.,2012,English
M00713,Infinite Garden 713,Adventure|Drama,A adventure story about ambition and discovery set in a floating city.,1995,Yoruba
M00714,Golden Orbit 714,Action,A action story about family and trust set in Nairobi.,1996,English
M00715,Hidden Orbit 715,Romance,A romance story about technology and trust set in London.,2010,English
M00716,Golden Garden 716,Sci-Fi,A sci-fi story about power and family set in Lagos.,2009,Igbo
M00717,Hidden River 717,Sci-Fi|Thriller|Comedy,A sci-fi story about trust and discovery set in Mars.,1996,English
M00718,Hidden Protocol 718,Documentary|Sci-Fi,A documentary story about survival and belonging set in Nairobi.,2020,French
M00719,Midnight Promise 719,Comedy|Adventure|Drama,A comedy story about power and power set in a floating city.,2017,Igbo
M00720,Silent Promise 720,Documentary|Action,A documentary story about identity and survival set in a floating city.,1999,French
M00721,Silent Signal 721,Adventure|Action,A adventure story about technology and trust set in Lagos.,1996,English
M00722,Infinite Promise 722,Sci-Fi|Action,A sci-fi story about technology and technology set in London.,2026,French
M00723,Broken River 723,Adventure,A adventure story about power and belonging set in London.,2006,English
M00724,Last Frontier 724,Documentary|Drama,A documentary story about survival and family set in Mars.,2008,Igbo
M00725,Last Echo 725,Comedy|Sci-Fi|Adventure,A comedy story about survival and trust set in Accra.,2018,Yoruba
M00726,Electric Promise 726,Animation|Comedy|Sci-Fi,A animation story about discovery and belonging set in Lagos.,2004,French
M00727,Wild Signal 727,Drama|Action|Thriller,A drama story about survival and identity set in Lagos.,2025,Yoruba
M00728,Broken Promise 728,Documentary,A documentary story about discovery and belonging set in Lagos.,2002,English
M00729,Northern Journey 729,Action|Adventure|Thriller,A action story about survival and discovery set in New York.,2013,Igbo
M00730,Midnight River 730,Action,A action story about survival and discovery set in Tokyo.,1997,Igbo
M00731,Infinite River 731,Adventure|Romance|Animation,A adventure story about technology and power set in Lagos.,2019,Yoruba
M00732,Electric Promise 732,Animation|Documentary,A animation story about trust and belonging set in New York.,2024,English
M00733,Broken Garden 733,Thriller|Documentary,A thriller story about discovery and discovery set in Accra.,2012,Yoruba
M00734,Silent River 734,Animation,A animation story about friendship and belonging set in Lagos.,2015,French
M00735,Northern Frontier 735,Romance,A romance story about technology and belonging set in a floating city.,2018,French
M00736,Silent Garden 736,Documentary|Adventure,A documentary story about family and trust set in Accra.,2006,Yoruba
M00737,Last Promise 737,Sci-Fi,A sci-fi story about discovery and identity set in Tokyo.,2012,English
M00738,Wild Protocol 738,Romance,A romance story about trust and family set in Accra.,2005,English
M00739,Last Protocol 739,Adventure|Comedy,A adventure story about identity and ambition set in London.,2015,English
M00740,Silent Promise 740,Documentary,A documentary story about belonging and technology set in a floating city.,2026,Yoruba
M00741,Northern Garden 741,Comedy,A comedy story about technology and power set in a floating city.,2012,English
M00742,Infinite Signal 742,Sci-Fi|Action,A sci-fi story about survival and power set in Tokyo.,2020,English
M00743,Last Signal 743,Romance,A romance story about family and friendship set in Accra.,1995,English
M00744,Golden Echo 744,Thriller|Action|Animation,A thriller story about discovery and identity set in Lagos.,2010,English
M00745,Wild Code 745,Crime|Romance,A crime story about family and discovery set in a floating city.,2021,Igbo
M00746,Wild Protocol 746,Adventure|Sci-Fi|Documentary,A adventure story about identity and identity set in London.,2023,French
M00747,Silent Code 747,Crime|Documentary|Sci-Fi,A crime story about friendship and family set in a floating city.,2022,Igbo
M00748,Northern Code 748,Documentary|Sci-Fi|Adventure,A documentary story about discovery and friendship set in Tokyo.,2013,English
M00749,Electric Echo 749,Comedy|Sci-Fi,A comedy story about ambition and belonging set in Lagos.,2013,French
M00750,Golden Garden 750,Comedy|Sci-Fi|Crime,A comedy story about friendship and technology set in Accra.,2013,French
M00751,Midnight Journey 751,Drama|Crime,A drama story about friendship and ambition set in Tokyo.,2014,English
M00752,Hidden Signal 752,Crime|Thriller|Adventure,A crime story about discovery and belonging set in Mars.,2002,French
M00753,Silent Code 753,Action|Drama,A action story about family and family set in Accra.,2000,English
M00754,Silent Garden 754,Animation|Comedy,A animation story about family and friendship set in Lagos.,2023,Yoruba
M00755,Hidden Echo 755,Action|Animation|Thriller,A action story about family and trust set in Lagos.,2011,Yoruba
M00756,Wild Echo 756,Romance|Action,A romance story about identity and power set in Tokyo.,2004,English
M00757,Broken Promise 757,Romance|Thriller,A romance story about belonging and belonging set in London.,2017,English
M00758,Electric Garden 758,Sci-Fi,A sci-fi story about friendship and belonging set in Tokyo.,2014,French
M00759,Midnight River 759,Sci-Fi,A sci-fi story about family and identity set in Accra.,1999,French
M00760,Northern Journey 760,Action|Crime|Documentary,A action story about belonging and discovery set in Mars.,2024,English
M00761,Broken Orbit 761,Adventure,A adventure story about ambition and ambition set in Mars.,2008,English
M00762,Northern Garden 762,Animation|Thriller,A animation story about identity and identity set in Accra.,2002,English
M00763,Hidden Code 763,Adventure|Documentary,A adventure story about survival and family set in London.,1999,French
M00764,Wild Promise 764,Documentary|Drama,A documentary story about family and power set in Tokyo.,2018,Igbo
M00765,Midnight Echo 765,Sci-Fi|Action,A sci-fi story about ambition and belonging set in Tokyo.,2026,French
M00766,Hidden Frontier 766,Romance|Documentary,A romance story about belonging and identity set in London.,2010,Igbo
M00767,Electric Promise 767,Romance|Thriller,A romance story about survival and identity set in Mars.,2023,Yoruba
M00768,Infinite Promise 768,Crime,A crime story about family and belonging set in Mars.,2012,French
M00769,Broken Protocol 769,Romance|Documentary,A romance story about identity and belonging set in a floating city.,2009,English
M00770,Wild Promise 770,Action|Romance,A action story about family and technology set in Lagos.,2013,Yoruba
M00771,Golden Protocol 771,Romance,A romance story about family and friendship set in London.,2000,English
M00772,Midnight Garden 772,Thriller,A thriller story about trust and identity set in Tokyo.,1999,Yoruba
M00773,Midnight Journey 773,Romance|Action,A romance story about survival and family set in Lagos.,1998,Yoruba
M00774,Golden Protocol 774,Crime|Thriller|Drama,A crime story about survival and belonging set in Mars.,2001,English
M00775,Electric Echo 775,Drama|Sci-Fi,A drama story about technology and family set in Nairobi.,2007,French
M00776,Electric Echo 776,Adventure|Crime,A adventure story about friendship and family set in New York.,2009,English
M00777,Hidden Frontier 777,Sci-Fi,A sci-fi story about discovery and belonging set in Nairobi.,2017,French
M00778,Silent Promise 778,Thriller|Comedy,A thriller story about trust and technology set in Accra.,1995,Igbo
M00779,Last Promise 779,Thriller|Adventure|Sci-Fi,A thriller story about technology and technology set in a floating city.,2026,English
M00780,Wild Signal 780,Thriller|Romance,A thriller story about identity and belonging set in New York.,2002,French
M00781,Broken Garden 781,Sci-Fi|Documentary,A sci-fi story about trust and trust set in Accra.,2019,Yoruba
M00782,Wild Code 782,Romance|Drama|Sci-Fi,A romance story about technology and survival set in Nairobi.,2000,English
M00783,Infinite Protocol 783,Animation|Crime,A animation story about power and power set in Mars.,2012,Igbo
M00784,Electric Orbit 784,Documentary,A documentary story about survival and belonging set in Tokyo.,2006,Yoruba
M00785,Golden Code 785,Crime|Sci-Fi,A crime story about ambition and belonging set in Lagos.,2018,French
M00786,Silent Garden 786,Comedy|Crime|Thriller,A comedy story about identity and belonging set in Tokyo.,2003,English
M00787,Hidden Signal 787,Romance|Comedy,A romance story about identity and discovery set in Mars.,2020,English
M00788,Midnight Echo 788,Documentary,A documentary story about family and technology set in Accra.,2021,French
M00789,Midnight Journey 789,Romance|Action,A romance story about power and discovery set in Accra.,2002,French
M00790,Hidden River 790,Sci-Fi|Comedy,A sci-fi story about survival and trust set in Mars.,2003,English
M00791,Midnight Garden 791,Animation,A animation story about ambition and survival set in Mars.,2001,Igbo
M00792,Electric Orbit 792,Thriller|Adventure,A thriller story about survival and power set in New York.,2025,English
M00793,Infinite Signal 793,Drama,A drama story about trust and belonging set in Accra.,1999,French
M00794,Infinite Frontier 794,Drama|Documentary|Action,A drama story about trust and survival set in Accra.,2009,Yoruba
M00795,Northern Orbit 795,Drama|Action,A drama story about family and power set in New York.,1997,Yoruba
M00796,Golden Frontier 796,Thriller|Animation|Romance,A thriller story about family and family set in a floating city.,2008,French
M00797,Golden Frontier 797,Drama|Documentary|Romance,A drama story about trust and ambition set in Nairobi.,2007,English
M00798,Silent Echo 798,Comedy|Drama,A comedy story about technology and ambition set in New York.,2009,English
M00799,Wild Journey 799,Crime,A crime story about power and trust set in Accra.,2003,English
M00800,Wild Journey 800,Comedy|Romance|Thriller,A comedy story about friendship and family set in Tokyo.,2000,Igbo
